ROW_TYPE,ROW_ID,ARTIFACT,DECISION_OR_CITATION,VALUE,UNITS,CLASSIFICATION,SOURCE_IDS,LOCATOR,SENSITIVITY_REQUIRED,VERIFICATION_STATUS,NOTES
SOURCE,S01,SOURCE_REGISTRY,de Leva P. Adjustments to Zatsiorsky-Seluyanov's segment inertia parameters. Journal of Biomechanics 1996;29(9):1223-1230.,10.1016/0021-9290(95)00178-6; PMID 8872282,—,SOURCE,—,"Adjusted male body-segment mass fractions, segment lengths, COM positions and radii of gyration referenced to joint centers",—,REVERIFIED_PRIMARY_TABLE,Tables 1-4 and the alternative-endpoint rows were read directly from the paper PDF during RES-95; Table 4 male values reproduced here as machine-readable inputs.
SOURCE,S02,SOURCE_REGISTRY,"Matsumoto Y, Ogihara N, Hanawa H, Kokubun T, Kanemura N. Novel multi-segment foot model incorporating plantar aponeurosis for detailed kinematic and kinetic analyses of the foot with application to gait studies. Frontiers in Bioengineering and Biotechnology 2022;10:894731.",10.3389/fbioe.2022.894731,—,SOURCE,—,"Three-segment foot (hindfoot/forefoot/phalanx) relative mass, relative COM and relative inertial tensor from CT",—,REVERIFIED_PRIMARY_TABLE,Table 3 read directly; relative masses 43.2/42.4/14.4 % and relative inertia scaling rule I = I_rel * m^(5/3).
SOURCE,S03,SOURCE_REGISTRY,"Drillis R, Contini R. Body segment parameters. New York University / DHEW report, 1966; reproduced in Winter DA, Biomechanics and Motor Control of Human Movement, Fig. 4.1 (body segment lengths as a fraction of stature H).",Report DHEW 1166-03 (1966); figure reproduced in Winter 2009 4th ed.,—,SOURCE,—,"General adult body segment length fractions of stature, including ankle joint height 0.039H, foot length 0.152H, foot breadth 0.055H",—,REVERIFIED_PRIMARY_FIGURE,"Figure 4.1 read directly during RES-95; used for ankle joint height only, where no joint-center-resolved de Leva value exists."
SOURCE,S04,SOURCE_REGISTRY,International Weightlifting Federation (IWF) Technical and Competition Rules; men's 20 kg Olympic bar specification.,IWF TCR (bar specification section),—,SOURCE,—,"20 kg bar, 2.200 m total length, 28 mm grip section, 50 mm x 415 mm sleeves, 1.310 m grip section",—,AUTHORITY_SYNCED,Geometry frozen from the Linear system authority; no uniform-rod representation may be called IWF geometry.
SOURCE,S05,SOURCE_REGISTRY,"Bongiovanni T, Rossi A, Genovesi F, Martera G, Puleo G, Orlandi C, Spedicato M, Iaia FM, Del Vescovo R, Gallo S, Cannataro R, Ripari P, Levi Micheli M, Cataldi S, Trecroci A. How do football playing positions differ in body composition? A first insight into white Italian Serie A and Serie B players. Journal of Functional Morphology and Kinesiology 2023;8(2):80.",10.3390/jfmk8020080; PMCID PMC10299074; PMID 37367244,—,SOURCE,—,"506 male professional Italian Serie A/B players; age 25.72 +/- 4.02 y, stature 183.72 +/- 5.86 cm, mass 79.91 +/- 6.31 kg, positional differences",—,REVERIFIED_PRIMARY_TABLE,"Abstract and Table 1 read directly; source is referred to as 'Campa et al.' in the Linear synchronization, corrected to Bongiovanni et al. here."
SOURCE,S06,SOURCE_REGISTRY,"Badby AJ, et al. Contemporary English Football League force-plate normative benchmarks for professional soccer players. Journal of Sports Sciences 2025.",10.1080/02640414.2025.2523671,—,SOURCE,—,139 professionals from seven clubs (184 +/- 7 cm; 81 +/- 9 kg); ~0.35 m unloaded CMJ and ~0.23 m countermovement depth on its method,—,AUTHORITY_SYNCED,Report/calibration anchor only; not a +20 kg direct SYSTEM_COM norm.
SOURCE,S07,SOURCE_REGISTRY,"Asimakidis ND, et al. Assessment of strength and power capacities in elite male soccer. Sports Medicine 2024.",10.1007/s40279-024-02071-8,—,SOURCE,—,Elite male soccer strength/power testing practice incl. CMJ; heterogeneous methods across 54 studies (unloaded means ~33.6-57.2 cm),—,AUTHORITY_SYNCED,Method heterogeneity is the reason no single elite +20 kg direct H2 gate is frozen.
SOURCE,S08,SOURCE_REGISTRY,"Yamauchi J, et al. Mechanical role of the metatarsophalangeal joint in human jumping. PLOS ONE 2022.",10.1371/journal.pone.0268634,—,SOURCE,—,Restricting MTP motion reduces CMJ height and net vertical impulse; toe-flexor strength correlates with jump performance,—,AUTHORITY_SYNCED,Basis for requiring an active bounded MTP channel in addition to a passive prior.
SOURCE,S09,SOURCE_REGISTRY,"Smith RE, et al. Selective loss of intrinsic foot muscle activity reduces MTP quasi-stiffness, ankle leverage and jump height (nerve-block study). Journal of Sport and Health Science 2023.",10.1016/j.jshs.2022.07.002,—,SOURCE,—,Intrinsic foot muscle contribution to MTP stiffness and jump height,—,AUTHORITY_SYNCED,Corroborates that a passive-only MTP is insufficient for a human-valid maximal-CMJ claim.
SOURCE,S10,SOURCE_REGISTRY,Dynamic predictive foot model for simulations of human gait (2024). PLOS Computational Biology.,10.1371/journal.pcbi.1012219,—,SOURCE,—,Gait-model passive foot/MTP compliance priors (including ~25 N m/rad and ~2 N m s/rad class values used as one engineering baseline),—,AUTHORITY_SYNCED,"The 25/2 pair is a gait-derived engineering prior, not a CMJ measurement; mandatory sensitivity including zero-passive."
SOURCE,S11,SOURCE_REGISTRY,"Eythorsdottir I, et al. The battle of the equations: a systematic review of jump height calculations using force platforms. Sports Medicine 2024.",10.1007/s40279-024-02098-x; PMID 39425876,—,SOURCE,—,Jump-height equations and processing choices; equation choice can change jump height by up to ~15 cm on the same jump,—,AUTHORITY_SYNCED,Method-matched comparison is mandatory before any elite numeric H2 gate.
SOURCE,S12,SOURCE_REGISTRY,"Xu J, et al. A systematic review of the different calculation methods for measuring jump height during the countermovement and drop jump tests. Sports Medicine 2023.",10.1007/s40279-023-01828-x; PMID 36940054,—,SOURCE,—,Impulse-momentum preferred for takeoff-to-apex; method definitions differ,—,AUTHORITY_SYNCED,Supports direct SYSTEM_COM takeoff-to-apex as the primary simulation truth and impulse/flight-time as comparators.
SOURCE,S13,SOURCE_REGISTRY,"Kraska JM, et al. Relationship between strength characteristics and unweighted and weighted vertical jump height. International Journal of Sports Physiology and Performance 2009.",10.1123/ijspp.4.4.461; PMID 20029097,—,SOURCE,—,"+20 kg CMJ flight-time heights in collegiate athletes; strongest subgroup ~27.6 cm, weakest ~18.7 cm",—,AUTHORITY_SYNCED,"Cross-family comparator only (flight-time, collegiate), not a direct SYSTEM_COM band."
SOURCE,S14,SOURCE_REGISTRY,"Lopez-Segovia M, et al. Effects of loaded CMJ on soccer players (+20/+30/+40 kg). Journal of Human Kinetics 2011.",10.2478/v10078-011-0081-2,—,SOURCE,—,U21 soccer loaded CMJ; +20 kg is task-relevant but does not provide a senior-elite method-matched H2 distribution,—,AUTHORITY_SYNCED,Task-relevance evidence only.
SOURCE,S15,SOURCE_REGISTRY,"Fritz J, et al. Loaded barbell jump landing kinetics. Journal of Biomechanics 2021.",10.1016/j.jbiomech.2021.110354,—,SOURCE,—,"Increasing barbell load changes landing kinematics, reduces hip/knee peak power, increases ankle energy dissipation",—,AUTHORITY_SYNCED,"Landing validation must inspect ankle/MTP behavior, not COM alone."
SOURCE,S16,SOURCE_REGISTRY,Proximal trunk-borne load countermovement jump coordination study. PMID 30126721.,PMID 30126721,—,SOURCE,—,External trunk load shifts coordination toward greater hip contribution early and hip+ankle contribution late,—,AUTHORITY_SYNCED,Strategy envelope: no unloaded knee-dominant template may be forced.
SOURCE,S17,SOURCE_REGISTRY,Takeoff-threshold comparison study in countermovement jumps. PMID 38863789.,PMID 38863789,—,SOURCE,—,"10 N / 10 ms class force thresholds are measurement comparators, reliable but not physical truth",—,AUTHORITY_SYNCED,Comparator-only status frozen in EVENT_MEASUREMENT_BOUNDARY.
SOURCE,S18,SOURCE_REGISTRY,"White RM. Comparative anthropometry of the foot. US Army Natick Research & Development Laboratories, 1983.",ADA126189,—,SOURCE,—,Adult foot breadth and heel breadth distributions; heel breadth materially below ball breadth,—,AUTHORITY_SYNCED,Context for the heel contact patch being narrower than the forefoot patch; patch dimensions remain engineering nominals.
SOURCE,S19,SOURCE_REGISTRY,CDC / general adult joint range-of-motion reference values.,CDC normal joint ROM reference (as recorded in the Linear system authority),—,SOURCE,—,General-human ROM including weight-bearing dorsiflexion ~39-45 deg and soccer jump-landing peak dorsiflexion ~32-38 deg,—,AUTHORITY_SYNCED,"Structural capability bounds are anatomy-driven, not soccer-specific technique targets."
SOURCE,S20,SOURCE_REGISTRY,Elite-soccer foot-length source recorded in the Linear system authority (reports 27.2 +/- 0.9 with an internally implausible unit label).,not resolved in the synced authority,—,SOURCE,—,Elite soccer foot length,—,AUTHORITY_SYNCED,"Unit label internally inconsistent relative to reported stature; corroborative only, never sole direct authority."
SOURCE,S21,SOURCE_REGISTRY,"Adolescent male football anthropometry (foot length ~27.23 +/- 1.89 cm, width ~10.41 +/- 0.57 cm in the oldest group).",as recorded in the Linear system authority,—,SOURCE,—,Adolescent male football foot dimensions,—,AUTHORITY_SYNCED,Supports the 0.275 x 0.105 m literature-informed synthetic nominal.
SOURCE,S22,SOURCE_REGISTRY,"Project canonical methodology books: force-platform measurement, inverse/forward dynamics, uncertainty propagation, impact/contact mechanics, and V&V (as recorded in the Linear system authority).",project internal authority,—,SOURCE,—,"V&V separation, measurement definitions, contact mechanics framing",—,PROJECT_AUTHORITY,Methodological framing only; no numeric value is taken from this row.
DECISION,SC-01,SPORT_CONTEXT_AUTHORITY,Sport-context identifier for the successor Plant reference population.,ELITE_MALE_PRO_SOCCER_OUTFIELD_TOP_TIER_EUROPE_V1,—,LITERATURE_INFORMED_SYNTHETIC,S05;S06;S07,Linear Elite Soccer System Authority V1 section 1; Bongiovanni 2023 cohort,—,RECOMPUTED_FROM_INPUTS,Synthetic population identifier; not a claim about any individual.
DECISION,SC-02,SPORT_CONTEXT_AUTHORITY,Reference population definition.,"healthy senior adult male first-team professional outfield soccer player, top-tier European domestic league / UEFA-caliber environment; goalkeepers excluded; field position not frozen",—,LITERATURE_INFORMED_SYNTHETIC,S05;S06;S07,System authority section 1; S05 positional differences,—,RECOMPUTED_FROM_INPUTS,Position-specific variants are future calibrations.
DECISION,SC-03,SPORT_CONTEXT_AUTHORITY,Task definition.,"maximal voluntary bilateral +20.0 kg back-loaded countermovement jump, hands fixed to the bar, no arm swing, dual-force-plate laboratory setting, full standing-countermovement-flight-landing-recovery sequence",—,LITERATURE_INFORMED_SYNTHETIC,S13;S14;S16,System authority section 1; loaded-CMJ task evidence,—,RECOMPUTED_FROM_INPUTS,Sagittal-dominant reduced rigid-body model.
DECISION,SC-04,SPORT_CONTEXT_AUTHORITY,Claim boundary of the V1 reduction.,"sagittal-plane mechanics only; lateral translation, roll and yaw are structurally removed; no 3-D cutting/lateral/asymmetric validity claim",—,ENGINEERING_NOMINAL_WITH_SENSITIVITY,S22,System authority sections 7 and 20; PLAN_TOPOLOGY_AUTHORITY,—,RECOMPUTED_FROM_INPUTS,Any materially asymmetric control claim requires a future true 3-D/6-DOF Plant.
DECISION,SC-05,SPORT_CONTEXT_AUTHORITY,Evidence hierarchy for authority decisions.,"1 human anatomy/joint mechanics/BSIP; 2 elite senior male first-division soccer anthropometry; 3 elite/professional soccer CMJ testing evidence; 4 soccer +20 kg loaded-jump evidence supplemented by broader loaded-CMJ work; 5 NBA elite CMJ data as secondary strategy comparator; 6 engineering choices only where literature does not determine a unique value, always tagged and sensitivity-tested",—,LITERATURE_INFORMED_SYNTHETIC,S01;S05;S06;S07;S13;S14,Linear RES-95 description; System authority section 2,—,RECOMPUTED_FROM_INPUTS,No engineering value may be relabeled as an elite-soccer measurement.
DECISION,SC-06,SPORT_CONTEXT_AUTHORITY,Use of NBA CMJ cohort data.,secondary elite movement-strategy comparator only; it sets neither soccer anthropometry nor +20 kg performance thresholds,—,LITERATURE_INFORMED_SYNTHETIC,S07,System authority sections 1 and 14,—,RECOMPUTED_FROM_INPUTS,Recorded to prevent strategy-template drift.
DECISION,SC-07,SPORT_CONTEXT_AUTHORITY,Claim ceiling after the Plant rebuild (M6).,"the Plant may be called a sagittal-dominant rigid-body model parameterized to a nominal elite senior male professional outfield soccer athlete and configured for a maximal 20 kg loaded countermovement jump; no subject-specific, population-norm, injury-risk, optimality, midfoot-fidelity or field/turf claim",—,LITERATURE_INFORMED_SYNTHETIC,S22,System authority section 20; RES-82 SCIENTIFIC_CLAIM_CEILING.md,—,RECOMPUTED_FROM_INPUTS,verification != validation; determinism != biomechanical validity.
DECISION,RA-01,REFERENCE_ATHLETE_SPEC,Synthetic nominal athlete sex and age class.,male; senior_adult; reference age 24 y (nominal),—,LITERATURE_INFORMED_SYNTHETIC,S05;S06,System authority section 3,—,RECOMPUTED_FROM_INPUTS,Not a real person and not the exact population mean.
DECISION,RA-02,REFERENCE_ATHLETE_SPEC,Reference stature.,1.835,m,LITERATURE_INFORMED_SYNTHETIC,S05;S06,S05 183.72 +/- 5.86 cm; S06 184 +/- 7 cm; rounded synthetic consensus,"sensitivity set [1.835, 1.7764, 1.8936] m",RECOMPUTED_FROM_INPUTS,Inside contemporary first-team professional distributions.
DECISION,RA-03,REFERENCE_ATHLETE_SPEC,Reference athlete mass.,79.0,kg,LITERATURE_INFORMED_SYNTHETIC,S05;S06,S05 79.91 +/- 6.31 kg; S06 81 +/- 9 kg,"sensitivity set [79, 72.69, 85.31] kg",RECOMPUTED_FROM_INPUTS,Rounded synthetic consensus; not a population mean claim.
DECISION,RA-04,REFERENCE_ATHLETE_SPEC,External load mass.,20.0,kg,LITERATURE_DIRECT,S04;S13;S14,IWF men's bar standard; loaded-CMJ task,—,RECOMPUTED_FROM_INPUTS,Rigid 20 kg composite bar surrogate; see LOAD_BAR_AUTHORITY.
DECISION,RA-05,REFERENCE_ATHLETE_SPEC,Total mechanical system mass.,99.0,kg,PHYSICS_IDENTITY,—,athlete + rigid bar mass sum,—,RECOMPUTED_FROM_INPUTS,Force/impulse and ballistic identities use this mass; machine check in ANTHROPOMETRY_BSIP_AUTHORITY.
DECISION,RA-06,REFERENCE_ATHLETE_SPEC,Load-to-athlete mass ratio.,0.25316455696202533,—,PHYSICS_IDENTITY,—,20.0 / 79.0,—,RECOMPUTED_FROM_INPUTS,Derived identity.
DECISION,RA-07,REFERENCE_ATHLETE_SPEC,Nominal system weight at the project gravity constant.,971.19,N,PHYSICS_IDENTITY,—,99.0 kg * 9.81 m/s^2,—,RECOMPUTED_FROM_INPUTS,Athlete-only weight is 774.99 N; system authority uses the full carried system.
DECISION,RA-09,REFERENCE_ATHLETE_SPEC,Reconciliation of the historical RES-82 body-weight constant.,"{""RES82_BW"": ""95.0 kg * 9.81 = 931.95 N (historical V2 75 kg athlete + 20 kg load)"", ""SUCCESSOR_SYSTEM_WEIGHT"": ""99.0 kg * 9.81 = 971.19 N"", ""rule"": ""RES-82 thresholds expressed in units of BW are recomputed on the 99.0 kg successor base; no downstream artifact may inherit the 95 kg BW silently""}",N,PHYSICS_IDENTITY,S22,RES-82 EVENT_CONTRACT term BW versus the controlling Linear system authority section 3,—,RECOMPUTED_FROM_INPUTS,Historical RES-82 BW remains in RES-82's sealed artifacts; this decision is the successor reconciliation so force thresholds are computed on one base.
DECISION,RA-08,REFERENCE_ATHLETE_SPEC,"Reference athlete is a synthetic nominal, not a measured subject.",no individual prediction or exact-mean claim is permitted from this nominal,—,ENGINEERING_NOMINAL_WITH_SENSITIVITY,S05;S06,System authority section 3,—,RECOMPUTED_FROM_INPUTS,All downstream claims inherit this ceiling.
DECISION,AB-01,ANTHROPOMETRY_BSIP_AUTHORITY,Primary BSIP authority.,"de Leva (1996) adjustment of Zatsiorsky-Seluyanov parameters, joint-center referenced",—,LITERATURE_DIRECT,S01,S01 Tables 1-4,—,RECOMPUTED_FROM_INPUTS,Machine-readable coefficients in AUTHORITY_INPUTS.json; no uniform-density torso shortcut may be called anthropometric authority.
DECISION,AB-02,ANTHROPOMETRY_BSIP_AUTHORITY,Male segment mass fractions (head 0.0694; upper trunk 0.1596; middle trunk 0.1633; pelvis/lower trunk 0.1117; upper arm 0.0271 each; forearm 0.0162 each; hand 0.0061 each; thigh 0.1416 each; shank 0.0433 each; whole foot 0.0137 each).,"[0.0694, 0.1596, 0.1633, 0.1117, 0.0271, 0.0162, 0.0061, 0.1416, 0.0433, 0.0137]",fraction of athlete mass,LITERATURE_DIRECT,S01,"S01 Table 4, male column",—,RECOMPUTED_FROM_INPUTS,Fractions sum to 1.0000 across all segments.
DECISION,AB-03,ANTHROPOMETRY_BSIP_AUTHORITY,Segment masses at the reference athlete mass.,"{""head"": 5.482600000000001, ""upt"": 12.6084, ""mpt"": 12.9007, ""pelvis"": 8.8243, ""upper_arm"": 2.1409, ""forearm"": 1.2797999999999998, ""hand"": 0.48190000000000005, ""thigh"": 11.1864, ""shank"": 3.4207, ""whole_foot"": 1.0823}",kg,LITERATURE_DIRECT,S01,S01 Table 4 mass fractions * 79.0 kg,—,RECOMPUTED_FROM_INPUTS,Recomputed deterministically by build_authority_numbers.py.
DECISION,AB-04,ANTHROPOMETRY_BSIP_AUTHORITY,Athlete and system mass closure.,"{""hat"": 38.7969, ""pelvis"": 8.8243, ""two_thighs"": 22.3728, ""two_shanks"": 6.8414, ""two_feet"": 2.1646, ""athlete_total"": 79.0, ""bar"": 20.0, ""system_total"": 99.0}",kg,PHYSICS_IDENTITY,S01,sum of body segments; plus bar mass,—,RECOMPUTED_FROM_INPUTS,Machine test: athlete total = 79.0 kg and system total = 99.0 kg within numerical tolerance.
DECISION,AB-05,ANTHROPOMETRY_BSIP_AUTHORITY,Thigh segment length (normative form).,0.4449875,m,LITERATURE_DIRECT,S01,frozen stature ratio 0.2425 * H; de Leva Table 4 male thigh (HJC-KJC) 422.2 mm x stature scale as cross-check,—,RECOMPUTED_FROM_INPUTS,Normative 0.2425 * H = 0.4449875 m; de Leva-scaled cross-check 0.444995405 m (delta 7.90493969e-06 m).
DECISION,AB-06,ANTHROPOMETRY_BSIP_AUTHORITY,Shank segment length (normative form).,0.45746549999999997,m,LITERATURE_DIRECT,S01,frozen stature ratio 0.2493 * H; de Leva Table 4 male shank (KJC-LMAL) 434.0 mm x stature scale as cross-check,—,RECOMPUTED_FROM_INPUTS,Normative 0.2493 * H = 0.4574655 m; de Leva-scaled cross-check 0.45743251 m (delta -3.29899483e-05 m).
DECISION,AB-07,ANTHROPOMETRY_BSIP_AUTHORITY,HAT component segment lengths (head VERT-CERV; upper trunk CERV-XYPH; middle trunk XYPH-OMPH).,"{""head"": 0.2560146467547386, ""upt"": 0.255171453187823, ""mpt"": 0.22713526708788048}",m,LITERATURE_DIRECT,S01,S01 Table 4 male alternative-endpoint rows x stature scale,—,RECOMPUTED_FROM_INPUTS,Stature scaling rule: lengths scale linearly with H / 1.741 m.
DECISION,AB-08,ANTHROPOMETRY_BSIP_AUTHORITY,Pelvis body parameterization.,"{""mass_kg"": 8.8243, ""com_z_above_midh_m"": 0.05966063512349223, ""length_m"": 0.1535666283744974}",kg / m,LITERATURE_DIRECT,S01,S01 Table 4 male lower trunk OMPH-MIDH,—,RECOMPUTED_FROM_INPUTS,The pelvis body carries the de Leva lower-trunk (LPT) parameters; MIDH is the trunk-pelvis hinge center.
DECISION,AB-09,ANTHROPOMETRY_BSIP_AUTHORITY,Foot length and width nominal.,"{""FOOT_LENGTH_M"": 0.275, ""FOOT_WIDTH_M"": 0.105}",m,LITERATURE_INFORMED_SYNTHETIC,S03;S20;S21,S03 D-C foot length 0.152H = 0.279 m at H; S20/S21 elite and adolescent soccer feet,foot geometry sensitivity: FOOT_LENGTH +/- 0.010 m; FOOT_WIDTH +/- 0.007 m,RECOMPUTED_FROM_INPUTS,"0.275 x 0.105 m is a literature-informed synthetic nominal, not one-paper direct."
DECISION,AB-10,ANTHROPOMETRY_BSIP_AUTHORITY,Ankle joint center height above the sole.,0.071565,m,HUMAN_ANATOMY_REFERENCE,S03,Drillis-Contini Fig. 4.1: ankle height = 0.039 H,ankle-height sensitivity +/- 0.010 m,RECOMPUTED_FROM_INPUTS,Used for standing geometry and contact placement.
DECISION,AB-11,ANTHROPOMETRY_BSIP_AUTHORITY,Ankle joint center horizontal position from the heel.,0.055,m,ENGINEERING_NOMINAL_WITH_SENSITIVITY,S01;S03,no joint-center-resolved public value located; 0.20 * foot length,"sensitivity [0.045, 0.065] m",RECOMPUTED_FROM_INPUTS,Explicit engineering reduction; must not be presented as measured anatomy.
DECISION,AB-12,ANTHROPOMETRY_BSIP_AUTHORITY,de Leva radius-of-gyration axis interpretation.,"{""sagittal"": ""about the model medio-lateral axis (sagittal-plane rotation)"", ""transverse"": ""about the in-plane axis perpendicular to the segment long axis"", ""longitudinal"": ""about the segment long axis""}",—,ENGINEERING_NOMINAL_WITH_SENSITIVITY,S01,S01 Table 4 column semantics (sagittal / transverse / longitudinal r),segment-inertia sensitivity 0.9x/1.1x on all segment inertia terms,RECOMPUTED_FROM_INPUTS,Axis-to-model mapping is an engineering reduction of the published axes; it is applied identically to every segment.
DECISION,AB-13,ANTHROPOMETRY_BSIP_AUTHORITY,Segment-chain closure check against reference stature.,"{""hip_height_m"": 0.9740179999999999, ""midh_to_vertex_m"": 0.8918879954049395, ""sum_m"": 1.8659059954049395, ""stature_m"": 1.835, ""delta_m"": 0.030905995404939546, ""delta_fraction_of_stature"": 0.016842504307868964}",m,PHYSICS_IDENTITY,S01;S03,ankle height + shank + thigh + (MIDH to vertex chain),—,RECOMPUTED_FROM_INPUTS,The joint-center-resolved chain overshoots stature by ~3.1 cm (~1.7%); the causes are mixed landmark systems between sources. RES-83 must absorb this in the standing pose and must not rescale the frozen segment lengths to force closure.
DECISION,AB-14,ANTHROPOMETRY_BSIP_AUTHORITY,Lower-limb segment inertias about their own COMs (thigh Ixx=Iyy/Izz; shank Ixx/Iyy/Izz).,"{""thigh_kg_m2"": [[0.23976057065071502, 0.0, 0.0], [0.0, 0.23976057065071502, 0.0], [0.0, 0.0, 0.04917660063207587]], ""shank_kg_m2"": [[0.04438440231686326, 0.0, 0.0], [0.0, 0.04654918083021296, 0.0], [0.0, 0.0, 0.007594621444486416]], ""pelvis_kg_m2"": [[0.06317964198451871, 0.0, 0.0], [0.0, 0.07870896370431779, 0.0], [0.0, 0.0, 0.07170511974256877]]}",kg m^2,LITERATURE_DIRECT,S01,S01 Table 4 radii of gyration * segment lengths,segment-inertia sensitivity 0.9x/1.1x,RECOMPUTED_FROM_INPUTS,"Body-frame origins: pelvis at MIDH, thigh at HJC, shank at KJC; z is proximal-to-distal."
DECISION,AB-15,ANTHROPOMETRY_BSIP_AUTHORITY,Whole-foot de Leva cross-check versus the multi-segment foot construction.,"{""whole_foot_sagittal_I_about_com_kg_m2"": 0.005406040472937501, ""assembled_segment_com_x_from_heel_m"": 0.11525194999999999, ""deleva_com_x_from_heel_m"": 0.1214125, ""com_x_delta_m"": -0.006160550000000015}",kg m^2 / m,LITERATURE_DIRECT,S01;S02,S01 whole-foot row vs S02 three-segment construction,foot-inertia sensitivity 0.5x/1.5x (Matsumoto practice) plus the compliant-midfoot alternative,RECOMPUTED_FROM_INPUTS,"Cross-check deltas are declared, not hidden; the three-segment construction controls because it is what the Plant implements."
DECISION,AB-16,ANTHROPOMETRY_BSIP_AUTHORITY,Stature scaling rule for de Leva component lengths.,linear scaling factor s = H / 1.741 = 1.05399196,—,LITERATURE_INFORMED_SYNTHETIC,S01,S01 male sample stature 1.741 m,"anthropometry sensitivity: stature set [1.835, 1.7764, 1.8936] m and mass set [79, 72.69, 85.31] kg (approximately +/-1 SD of the S05 cohort: 5.86 cm, 6.31 kg)",RECOMPUTED_FROM_INPUTS,"Applies to HAT components, pelvis and whole-foot reference length; thigh/shank are frozen by their stature ratios."
DECISION,AB-17,ANTHROPOMETRY_BSIP_AUTHORITY,No silent anthropometric reinterpretation.,"any change to a frozen ratio, mass fraction or length is an explicit authority amendment with downstream requalification",—,ENGINEERING_NOMINAL_WITH_SENSITIVITY,S22,System authority section 22,—,RECOMPUTED_FROM_INPUTS,Silent tuning is prohibited.
DECISION,UB-01,UPPER_BODY_HAT_BAR_INERTIAL_AUTHORITY,Frozen reduced HAT decomposition.,head + upper trunk + middle trunk + 2x upper arm + 2x forearm + 2x hand (pelvis excluded and carried by the root pelvis body),—,LITERATURE_DIRECT,S01,S01 Table 4 component rows,—,RECOMPUTED_FROM_INPUTS,HAT mass 38.7969 kg equals the Linear authority value 38.7969 kg.
DECISION,UB-02,UPPER_BODY_HAT_BAR_INERTIAL_AUTHORITY,Fixed bar-hold posture parameterization (inertia aggregation reference posture).,"{""trunk"": ""MPT+UPT collinear on +z"", ""head_pitch_deg"": 0.0, ""shoulder_joint_x_m"": 0.0, ""shoulder_joint_y_m"": 0.16, ""shoulder_joint_z_m"": 0.5433328546812176, ""wrist_dz_m"": -0.035, ""hand_grip_half_width_y_m"": 0.24, ""elbow_rule"": ""two-link IK in the vertical plane through shoulder and wrist; select the solution with the lower elbow z""}",m / deg,ENGINEERING_NOMINAL_WITH_SENSITIVITY,S01;S04,de Leva component geometry; frozen engineering bar-hold pose,"declared perturbations: {'bar_placement_m': [0.025, 0.025], 'head_pitch_deg': [-10.0, 0.0, 10.0], 'shoulder_joint_x_m': [-0.03, 0.03], 'shoulder_joint_y_m': [0.14, 0.18], 'wrist_dz_m': [-0.055, -0.015], 'hand_grip_half_width_y_m': [0.18, 0.3]}",RECOMPUTED_FROM_INPUTS,Every unmeasured posture parameter is engineering nominal with mandatory sensitivity; none is anthropometric truth.
DECISION,UB-03,UPPER_BODY_HAT_BAR_INERTIAL_AUTHORITY,Aggregated HAT mass.,38.7969,kg,LITERATURE_DIRECT,S01,sum of de Leva mass fractions,—,RECOMPUTED_FROM_INPUTS,Machine-recomputed.
DECISION,UB-04,UPPER_BODY_HAT_BAR_INERTIAL_AUTHORITY,Aggregated HAT COM in the HAT frame (origin MIDH).,"[-0.01596456566162191, -2.8616281832444254e-18, 0.4496738763907584]",m,ENGINEERING_NOMINAL_WITH_SENSITIVITY,S01,de Leva component masses (LITERATURE_DIRECT) aggregated under the frozen engineering bar-hold posture UB-02,covered by UB-02 perturbations,RECOMPUTED_FROM_INPUTS,The component masses are literature-direct; the aggregate COM inherits the engineering posture classification and is not an anthropometric measurement.
DECISION,UB-05,UPPER_BODY_HAT_BAR_INERTIAL_AUTHORITY,"Aggregated HAT inertia tensor about its COM (full 3x3, HAT frame).","[[1.692352492111382, 3.469446951953614e-18, -0.02077944879714553], [3.469446951953614e-18, 1.4753589080582343, 3.469446951953614e-18], [-0.02077944879714553, 3.469446951953614e-18, 0.8504250560234003]]",kg m^2,ENGINEERING_NOMINAL_WITH_SENSITIVITY,S01,de Leva component tensors (LITERATURE_DIRECT) rotated into the HAT frame and translated under the frozen engineering bar-hold posture UB-02,"covered by UB-02 perturbations; system Iyy range [1.73167341, 2.02437733] kg m^2 over the declared set",RECOMPUTED_FROM_INPUTS,Ixy=Iyz=0 by left-right symmetry; Ixz is non-zero and must not be silently dropped.
DECISION,UB-06,UPPER_BODY_HAT_BAR_INERTIAL_AUTHORITY,HAT principal moments and principal rotation.,"{""principal_moments_kg_m2"": [1.6928650336618478, 1.475358908058234, 0.8499125144729343], ""principal_rotation_about_y_deg"": -1.4129592461485285}",kg m^2 / deg,ENGINEERING_NOMINAL_WITH_SENSITIVITY,—,eigendecomposition of UB-05 (which inherits the engineering posture classification),—,RECOMPUTED_FROM_INPUTS,The principal rotation is small (~1.4 deg); a diagonal implementation is permitted only with this declared rotation or with the full tensor.
DECISION,UB-07,UPPER_BODY_HAT_BAR_INERTIAL_AUTHORITY,Bar local placement relative to the HAT frame.,"{""center_m"": [-0.095, 0.0, 0.6], ""orientation"": ""identity (bar axis along +y)""}",m,ENGINEERING_NOMINAL_WITH_SENSITIVITY,S04,"upper-back/shoulder-girdle placement, posterior of the trunk axis","placement sensitivity +/- [0.025, 0.025] m in x and z",RECOMPUTED_FROM_INPUTS,RES-83 must not silently move the nominal; any change is an authority amendment.
DECISION,UB-08,UPPER_BODY_HAT_BAR_INERTIAL_AUTHORITY,"Combined HAT+bar mass, COM and inertia about the combined COM.","{""mass_kg"": 58.7969, ""com_m"": [-0.04284878382223176, -1.888233945369835e-18, 0.5008079067934639], ""inertia_about_com_kg_m2"": [[13.746432717170366, 6.454194752049098e-18, 0.1360143545930838], [6.454194752049098e-18, 1.8608048237640293, -2.2075708375430198e-18], [0.1360143545930838, -2.2075708375430198e-18, 12.688717904231572]]}",kg / m / kg m^2,ENGINEERING_NOMINAL_WITH_SENSITIVITY,S01;S04,rigid HAT (engineering posture) and rigid bar at the engineering placement UB-07; combination uses exact parallel-axis identity,covered by placement sensitivity,RECOMPUTED_FROM_INPUTS,The sagittal-plane relevant inertia is Iyy = 1.86080482 kg m^2; transverse (pitch-axis) values are larger because of the 2.2 m bar.
DECISION,UB-09,UPPER_BODY_HAT_BAR_INERTIAL_AUTHORITY,Arm-fold disclosure.,"{""elbow_flexion_deg"": 155.04504872475866, ""elbow_interior_angle_deg"": 24.954951275241342}",deg,ENGINEERING_NOMINAL_WITH_SENSITIVITY,S01,geometric consequence of frozen hand placement and published arm lengths,covered by grip-width and wrist-offset sensitivity,RECOMPUTED_FROM_INPUTS,The reduced HAT inertially represents a fixed bar-hold; it is not a claim about achievable articulated elbow angles.
DECISION,UB-10,UPPER_BODY_HAT_BAR_INERTIAL_AUTHORITY,"No arm swing, no bar roll, no bar compliance.","arms/hands rigidly attach to the bar; bar is rigidly attached to HAT in V1; sleeve rotation, bar flex and hand compliance are outside V1",—,ENGINEERING_NOMINAL_WITH_SENSITIVITY,S04;S16,task definition; system authority section 8,—,RECOMPUTED_FROM_INPUTS,Any future arm-swing or bar-compliance variant is a new model revision.
DECISION,UB-11,UPPER_BODY_HAT_BAR_INERTIAL_AUTHORITY,System COM versus athlete COM.,"SYSTEM_COM (athlete + rigid bar, 99 kg) is the primary mechanics authority; ATHLETE_COM is secondary/report-only",—,PHYSICS_IDENTITY,—,carried-bar closure of the airborne system,—,RECOMPUTED_FROM_INPUTS,Force-impulse and ballistic identities use SYSTEM_COM and 99 kg.
DECISION,LB-01,LOAD_BAR_AUTHORITY,Bar mass.,20.0,kg,LITERATURE_DIRECT,S04,IWF men's bar standard,—,RECOMPUTED_FROM_INPUTS,
DECISION,LB-02,LOAD_BAR_AUTHORITY,Bar total length.,2.2,m,LITERATURE_DIRECT,S04,IWF men's bar standard,—,RECOMPUTED_FROM_INPUTS,
DECISION,LB-03,LOAD_BAR_AUTHORITY,Bar grip-section diameter.,0.028,m,LITERATURE_DIRECT,S04,IWF men's bar standard,—,RECOMPUTED_FROM_INPUTS,
DECISION,LB-04,LOAD_BAR_AUTHORITY,Grip section length.,1.31,m,LITERATURE_DIRECT,S04,IWF men's bar standard,—,RECOMPUTED_FROM_INPUTS,
DECISION,LB-05,LOAD_BAR_AUTHORITY,Sleeve diameter.,0.05,m,LITERATURE_DIRECT,S04,IWF men's bar standard,—,RECOMPUTED_FROM_INPUTS,
DECISION,LB-06,LOAD_BAR_AUTHORITY,Sleeve length (each).,0.415,m,LITERATURE_DIRECT,S04,IWF men's bar standard,—,RECOMPUTED_FROM_INPUTS,
DECISION,LB-07,LOAD_BAR_AUTHORITY,Composite inertial surrogate construction.,"{""shaft_length_m"": 1.37, ""shaft_diameter_m"": 0.028, ""sleeves"": [0.415, 0.05], ""rho_eff_kg_m3"": 8086.422350243007, ""m_shaft_kg"": 6.821547880650857, ""m_sleeve_each_kg"": 6.589226059674571}",m / kg/m^3 / kg,ENGINEERING_NOMINAL_WITH_SENSITIVITY,S04,coaxial stepped-cylinder surrogate; rho_eff chosen so total mass equals exactly 20 kg,declared alternative surrogate: uniform 2.200 m x 0.028 m rod (non-IWF) with I_transverse 8.06764667 kg m^2,RECOMPUTED_FROM_INPUTS,A uniform 2.2 m x 28 mm rod must never be presented as the IWF bar geometry.
DECISION,LB-08,LOAD_BAR_AUTHORITY,Composite bar inertia about its COM (bar axis along y).,"{""I_transverse_kg_m2"": 11.75585696777048, ""I_axis_kg_m2"": 0.004786777979600392}",kg m^2,PHYSICS_IDENTITY,S04,analytic stepped-cylinder inertia,surrogate-shape sensitivity: uniform-rod case; sleeve/shaft mass redistribution +/-10%,RECOMPUTED_FROM_INPUTS,Bar pitch inertia materially exceeds a uniform-rod estimate (mass concentration in the sleeves).
DECISION,LB-09,LOAD_BAR_AUTHORITY,Bar collision geometry.,composite collision representation matching LB-07 dimensions (grip/shaft segment plus two sleeves); exact MuJoCo primitive choice is a RES-83 implementation detail; bar-floor collision physically enabled and its contact is a task failure,—,ENGINEERING_NOMINAL_WITH_SENSITIVITY,S04,system authority section 8; COLLISION_CONTACT_POLICY,—,RECOMPUTED_FROM_INPUTS,No disabled bar shell may simultaneously serve as evidence for a prohibited-contact claim.
DECISION,LB-10,LOAD_BAR_AUTHORITY,Attachment semantics.,rigid attachment to HAT in V1; no bar roll/compliance; intentional bar/HAT/hand attachment contacts excluded from the fall/prohibited-contact register,—,ENGINEERING_NOMINAL_WITH_SENSITIVITY,S04;S16,task definition,—,RECOMPUTED_FROM_INPUTS,
DECISION,JC-01,JOINT_COORDINATE_ROM_AUTHORITY,World axis convention.,"{""+x"": ""anterior/forward"", ""+y"": ""athlete left"", ""+z"": ""up""}",—,PHYSICS_IDENTITY,—,system authority section 5,—,RECOMPUTED_FROM_INPUTS,Right-handed frame.
DECISION,JC-02,JOINT_COORDINATE_ROM_AUTHORITY,Root joint semantics.,"unconstrained planar base: root_tx, root_tz, root_ry with zero stiffness, zero damping, zero armature and no positional catch; NOT a 6-DOF free root",—,ENGINEERING_NOMINAL_WITH_SENSITIVITY,—,system authority section 7,—,RECOMPUTED_FROM_INPUTS,"Lateral translation, roll and yaw are structurally removed; removed DOFs must never be called 'free'."
DECISION,JC-03,JOINT_COORDINATE_ROM_AUTHORITY,Trunk-pelvis sagittal hinge.,"{""semantic"": ""TRUNK_PELVIS_SAGITTAL_HINGE (legacy code name 'lumbar' permitted only with this semantic exposed)"", ""range_rad"": [-0.610865, 0.610865], ""range_deg"": [-35.0, 35.0]}",rad / deg,ENGINEERING_NOMINAL_WITH_SENSITIVITY,S19,aggregate reduced-model trunk-pelvis flexion-extension; not a literal lumbar-spine joint,"sensitivity on the reduced bound is part of the strategy-envelope study, not a calibration to exceed",RECOMPUTED_FROM_INPUTS,Explicit reduced-model engineering bound; must not be presented as measured lumbar ROM.
DECISION,JC-04,JOINT_COORDINATE_ROM_AUTHORITY,Hip structural ROM.,"{""range_rad"": [-0.349066, 2.268928], ""range_deg"": [-20.0, 130.0]}",rad / deg,HUMAN_ANATOMY_REFERENCE,S19,general-human hip flexion/extension capacity,—,RECOMPUTED_FROM_INPUTS,"Structural capability bound, not a technique target."
DECISION,JC-05,JOINT_COORDINATE_ROM_AUTHORITY,Knee structural ROM.,"{""range_rad"": [0.0, 2.443461], ""range_deg"": [0.0, 140.0]}",rad / deg,HUMAN_ANATOMY_REFERENCE,S19,general-human knee flexion capacity,—,RECOMPUTED_FROM_INPUTS,No nominal hyperextension; reverse-knee geometry is structurally impossible under the V3 coordinate authority.
DECISION,JC-06,JOINT_COORDINATE_ROM_AUTHORITY,Ankle structural ROM.,"{""range_rad"": [-0.959931, 0.785398], ""range_deg"": [-55.0, 45.0]}",rad / deg,HUMAN_ANATOMY_REFERENCE,S19,weight-bearing dorsiflexion ~39-45 deg; soccer jump-landing peaks ~32-38 deg,—,RECOMPUTED_FROM_INPUTS,The former +20 deg dorsiflexion cap is withdrawn as too restrictive for a structural human envelope.
DECISION,JC-07,JOINT_COORDINATE_ROM_AUTHORITY,MTP structural ROM.,"{""range_rad"": [-0.523599, 1.570796], ""range_deg"": [-30.0, 90.0]}",rad / deg,HUMAN_ANATOMY_REFERENCE,S19,general-human first-MTP dorsiflexion capacity,—,RECOMPUTED_FROM_INPUTS,Negative is plantarflexion; positive is toe dorsiflexion.
DECISION,JC-08,JOINT_COORDINATE_ROM_AUTHORITY,Sagittal joint sign conventions.,"{""root_ry"": ""+ about +y = forward whole-body pitch"", ""trunk_pelvis"": ""+ about +y = forward trunk flexion relative to pelvis"", ""hip"": ""axis -y, +q = hip flexion (knee moves anteriorly)"", ""knee"": ""axis +y, +q = knee flexion (ankle moves posteriorly relative to knee)"", ""ankle"": ""axis -y, +q = dorsiflexion, -q = plantarflexion"", ""mtp"": ""axis -y, +q = toe dorsiflexion/extension""}",—,PHYSICS_IDENTITY,—,system authority section 5; deterministic FK derivation,—,RECOMPUTED_FROM_INPUTS,"Propulsion must reduce hip/knee flexion, drive ankle negative (plantarflexion) and permit positive MTP dorsiflexion in the forefoot/toe rocker."
DECISION,JC-09,JOINT_COORDINATE_ROM_AUTHORITY,Analytic FK sign probes (mandatory deterministic validation).,"{""root_ry_probe"": ""root_ry = +10 deg with all joints zero: a point initially on +z above the root moves to +x by L*sin(10 deg); COM x increases"", ""hip_probe"": ""hip = +10 deg (axis -y): knee joint x increases by L_thigh*sin(10 deg) (anterior)"", ""knee_probe"": ""knee = +10 deg (axis +y): ankle joint x decreases by L_shank*sin(10 deg) (posterior)"", ""ankle_probe"": ""ankle = +10 deg (axis -y): toe-tip z increases by L_foot*cos(ankle_rest)*sin(10 deg) (dorsiflexion)"", ""mtp_probe"": ""mtp = +10 deg (axis -y): toe-tip z increases relative to the forefoot (dorsiflexion)"", ""trunk_probe"": ""trunk_pelvis hinge = +10 deg about +y: head/vertex x increases by L_MIDH_vertex*sin(10 deg) (forward flexion)"", ""root_tx_probe"": ""root_tx = +0.01 m: all body x coordinates increase by 0.01 m exactly"", ""root_tz_probe"": ""root_tz = +0.01 m: all body z coordinates increase by 0.01 m exactly""}",—,PHYSICS_IDENTITY,—,analytic forward kinematics of the frozen topology,—,RECOMPUTED_FROM_INPUTS,"RES-83 must implement these probes as tests; any sign disagreement is a build failure, not a tuning problem."
DECISION,JC-10,JOINT_COORDINATE_ROM_AUTHORITY,"ROM values are capability bounds, not targets.",no controller may chase a structural limit; joint-limit hits and saturated-limit dwell are telemetry warnings,—,ENGINEERING_NOMINAL_WITH_SENSITIVITY,S19,system authority section 14,—,RECOMPUTED_FROM_INPUTS,
DECISION,FM-01,FOOT_MTP_MODEL_AUTHORITY,Frozen foot abstraction.,"per foot: hindfoot body, forefoot body welded/fixed to the hindfoot in V1 (separate geometry/inertia, no midtarsal DOF), toe/phalanx body, one sagittal MTP hinge; ankle hinge connects shank -> hindfoot",—,ENGINEERING_NOMINAL_WITH_SENSITIVITY,S02,system authority section 6; S02 three-segment model,locked-midfoot alternative required (FM-03),RECOMPUTED_FROM_INPUTS,The old single rigid box foot is rejected.
DECISION,FM-02,FOOT_MTP_MODEL_AUTHORITY,Locked midfoot classification.,"a rigid arch / locked midfoot is a MATERIAL MODEL-FORM UNCERTAINTY, not harmless omission",—,ENGINEERING_NOMINAL_WITH_SENSITIVITY,S02,multi-segment foot literature,mandatory compliant/articulated-midfoot alternative,RECOMPUTED_FROM_INPUTS,Rigid-foot assumptions can materially distort ankle ROM and quasi-stiffness.
DECISION,FM-03,FOOT_MTP_MODEL_AUTHORITY,Required midfoot alternative sensitivity.,"{""requirement"": ""final qualification must compare the locked-midfoot Plant against a plausible compliant/articulated-midfoot alternative (at least one bounded sagittal midtarsal DOF or equivalent compliant coupling with documented range/stiffness)"", ""change_triggers_reopening_RES83"": [""H2"", ""ankle/MTP work and power"", ""CoP migration"", ""toe-off timing"", ""landing absorption"", ""control feasibility""]}",—,ENGINEERING_NOMINAL_WITH_SENSITIVITY,S02,system authority section 6,required,RECOMPUTED_FROM_INPUTS,"If locking the midfoot materially changes these outputs, the V1 locked-midfoot Plant is not qualified."
DECISION,FM-04,FOOT_MTP_MODEL_AUTHORITY,Foot segment masses.,"{""hindfoot"": 0.4675536, ""forefoot"": 0.4588952, ""phalanx"": 0.1558512}",kg,LITERATURE_DIRECT,S01;S02,"de Leva whole-foot mass fraction 0.0137 x 79 kg, split 43.2/42.4/14.4 % per S02",foot-inertia sensitivity 0.5x/1.5x,RECOMPUTED_FROM_INPUTS,Sum equals the de Leva whole-foot mass.
DECISION,FM-05,FOOT_MTP_MODEL_AUTHORITY,MTP nominal axis location and toe length.,"{""MTP_X_FROM_HEEL_M"": 0.20625, ""TOE_LENGTH_M"": 0.06875, ""ratio_of_foot_length"": 0.75}",m / —,LITERATURE_INFORMED_SYNTHETIC,S02;S20,first-MTP fulcrum locations span ~70-79% of foot length in published data,"MTP location sensitivity [0.70, 0.79] x foot length",RECOMPUTED_FROM_INPUTS,"0.75 is a reduced-axis nominal, not subject-specific anatomy."
DECISION,FM-06,FOOT_MTP_MODEL_AUTHORITY,Plantar contact regions and dimensions (heel / forefoot / toe).,"{""heel"": {""x_from_heel_start_m"": 0.0, ""x_from_heel_end_m"": 0.07, ""width_m"": 0.07}, ""forefoot"": {""x_from_heel_start_m"": 0.07, ""x_from_heel_end_m"": 0.20625, ""width_m"": 0.105}, ""toe"": {""x_from_heel_start_m"": 0.20625, ""x_from_heel_end_m"": 0.275, ""width_m"": 0.09}}",m,ENGINEERING_NOMINAL_WITH_SENSITIVITY,S02;S18,reduced contact patches matching the frozen foot partition; heel breadth is materially below ball breadth (S18),patch dimension sensitivity +/- 0.010 m; only these regions may create valid support,RECOMPUTED_FROM_INPUTS,The three regions are independently observable; RES-84 builds the support hull/CoP authority from their active contacts.
DECISION,FM-07,FOOT_MTP_MODEL_AUTHORITY,"Foot frame, joint centers and segment partition.","{""ankle_joint_center"": [0.0, 0.0, 0.0], ""mid_tarsal_x_from_heel_m"": 0.07, ""mtp_x_from_heel_m"": 0.20625, ""toe_tip_x_from_heel_m"": 0.275, ""segment_lengths_m"": {""hindfoot"": 0.07, ""forefoot"": 0.13624999999999998, ""phalanx"": 0.06875000000000003}, ""segment_com_ankle_frame_m"": {""hindfoot"": [0.008310000000000005, 0.0, -0.027700000000000002], ""forefoot"": [0.07208875000000001, 0.0, -0.045810000000000003], ""phalanx"": [0.18122500000000002, 0.0, -0.04]}}",m,ENGINEERING_NOMINAL_WITH_SENSITIVITY,S02,S02 joint-chain proximal conventions applied to the frozen reduced geometry,midtarsal placement sensitivity +/- 0.010 m; segment-inertia sensitivity 0.5x/1.5x,RECOMPUTED_FROM_INPUTS,Assembled foot COM cross-check against the de Leva whole-foot COM is declared in AB-15.
DECISION,FM-08,FOOT_MTP_MODEL_AUTHORITY,Foot segment inertia rule.,"{""rule"": ""I_segment_about_com_diagonal = I_rel_diagonal * m_segment^(5/3)"", ""segment_inertia_about_com_kg_m2"": {""hindfoot"": [0.0004337502415040432, 0.0005182470417970387, 0.0004168508814454441], ""forefoot"": [0.0003822233613175279, 0.0004723188679138023, 0.0006006367106418295], ""phalanx"": [0.0001150951698085389, 6.454356581420024e-05, 0.00015255751919720058]}}",kg m^2,LITERATURE_DIRECT,S02,S02 Table 3 relative tensors scaled by m^(5/3),foot-inertia sensitivity 0.5x/1.5x; midfoot alternative,RECOMPUTED_FROM_INPUTS,Diagonal terms used with a declared axis mapping; off-diagonal products are not silently imported into the sagittal model.
DECISION,FM-09,FOOT_MTP_MODEL_AUTHORITY,Passive MTP baseline mechanics.,"{""neutral_rad"": 0.0, ""k_nominal_Nm_per_rad"": 25.0, ""c_nominal_Nms_per_rad"": 2.0}",N m/rad / N m s/rad,ENGINEERING_NOMINAL_WITH_SENSITIVITY,S10,predictive gait-model prior; not a CMJ measurement,"k set [0, 12.5, 25, 40]; c set [0, 0.4, 2]; zero-passive case (k=0,c=0)",RECOMPUTED_FROM_INPUTS,Passive values are engineering priors only; material dependence reopens authority.
DECISION,FM-10,FOOT_MTP_MODEL_AUTHORITY,Active MTP channel.,"one bounded net plantarflexor/resistive moment per foot in parallel with the passive baseline; reduced net moment, not a literal single-muscle actuator; no hidden high-power toe motor or arbitrary flight-energy injection",—,LITERATURE_INFORMED_SYNTHETIC,S08;S09,MTP restriction reduces CMJ height/impulse; intrinsic foot muscle activity drives MTP stiffness; the actuator channel is a reduced design decision informed by that evidence,final torque/rate/power caps owned by RES-85; supported-phase saturation telemetry mandatory,RECOMPUTED_FROM_INPUTS,A passive-only MTP is NOT sufficient as the sole mechanism for a human-valid maximal-CMJ claim.
DECISION,FM-11,FOOT_MTP_MODEL_AUTHORITY,MTP work accounting.,"qualification must report passive MTP work, active MTP work, total MTP work/power and an active-vs-passive sensitivity, proving no double-counting of distal power and no hidden toe-energy source",—,LITERATURE_INFORMED_SYNTHETIC,S08;S09;S10,S09/S10 mechanism and double-count risk,active-vs-passive separation required in every qualification report,RECOMPUTED_FROM_INPUTS,"Separation must be demonstrated, not asserted."
DECISION,FM-13,FOOT_MTP_MODEL_AUTHORITY,Sole plane and no-subsole-geometry rule.,"{""sole_plane_z_in_foot_frame_m"": -0.071565, ""rule"": ""no collision geom may extend below the sole plane, and all three contact patches are planar on the sole plane""}",m,ENGINEERING_NOMINAL_WITH_SENSITIVITY,S02,locked-midfoot reduced geometry; all three contact patches are planar on the sole plane,—,RECOMPUTED_FROM_INPUTS,"The foot's visual/collision body above the sole is a RES-83 implementation detail, but no collision geom may protrude below the sole plane, and only the frozen patches may create valid support."
DECISION,FM-12,FOOT_MTP_MODEL_AUTHORITY,Foot geometry sensitivity.,ankle x +/- 0.010 m; MTP location span 0.70-0.79 L; foot length +/- 0.010 m; midfoot alternative; segment inertia 0.5x/1.5x,—,ENGINEERING_NOMINAL_WITH_SENSITIVITY,S02;S18;S20;S21,frozen foot geometry,declared,RECOMPUTED_FROM_INPUTS,No sensitivity may be silently omitted from the qualification manifest.
DECISION,SL-01,STANCE_LAB_CONTEXT_AUTHORITY,Model leg-plane separation.,"{""leg_plane_centerlines_y_m"": [-0.085, 0.085], ""separation_m"": 0.17}",m,ENGINEERING_NOMINAL_WITH_SENSITIVITY,—,sagittal reduction geometry,plane-separation sensitivity only as engineering geometry (+/- 0.010 m),RECOMPUTED_FROM_INPUTS,0.170 m is NOT an elite-soccer CMJ stance-width claim; true stance width and lateral balance are outside V1.
DECISION,SL-02,STANCE_LAB_CONTEXT_AUTHORITY,Foot orientation in the reduced model.,feet parallel (yaw removed); no toe-out angle is modeled,—,ENGINEERING_NOMINAL_WITH_SENSITIVITY,—,yaw structurally removed,—,RECOMPUTED_FROM_INPUTS,Do not run a biological stance-width sensitivity by sliding feet laterally without a coherent 3-D pelvis/hip model.
DECISION,SL-03,STANCE_LAB_CONTEXT_AUTHORITY,Laboratory context.,indoor force-plate setting with training shoes; not cleat-on-turf,—,ENGINEERING_NOMINAL_WITH_SENSITIVITY,S22,task context of use,—,RECOMPUTED_FROM_INPUTS,Field/turf/cleat validity is outside the claim.
DECISION,SL-04,STANCE_LAB_CONTEXT_AUTHORITY,Force-plate measurement chain.,"{""plates"": ""dual force plates"", ""export_rate_hz"": 1000, ""rule"": "">=1000 Hz canonical comparison export with documented anti-aliasing/filter path; raw native signals retained""}",Hz,LITERATURE_INFORMED_SYNTHETIC,S11;S12;S22,force-platform sampling literature recorded in the system authority,—,RECOMPUTED_FROM_INPUTS,Native simulator state/contact resolution remains event authority.
DECISION,SL-05,STANCE_LAB_CONTEXT_AUTHORITY,Countermovement depth and stance are self-selected.,no single ideal knee/hip depth is frozen; professional protocols commonly yield ~60-90 deg knee flexion while elite data show legitimate strategy variability,—,LITERATURE_INFORMED_SYNTHETIC,S06;S07;S16,system authority sections 12 and 14,strategy-envelope study required,RECOMPUTED_FROM_INPUTS,"Microscopic/noise-only dips must be rejected, but no elite squat depth may be hard-coded as optimal."
DECISION,SL-06,STANCE_LAB_CONTEXT_AUTHORITY,Relative-to-quiet-stance reporting.,"all performance and force metrics are reported relative to the quiet-standing reference, with raw and filtered traces retained",—,LITERATURE_INFORMED_SYNTHETIC,S11;S12,processing-sensitivity literature,—,RECOMPUTED_FROM_INPUTS,
DECISION,CC-01,COLLISION_CONTACT_POLICY,Valid floor support.,only the active plantar heel / forefoot / toe regions of either foot may create valid floor support,—,ENGINEERING_NOMINAL_WITH_SENSITIVITY,S02;S22,system authority section 9,contact-parameter sensitivity required,RECOMPUTED_FROM_INPUTS,Landing may legitimately begin toe/forefoot-first before heel.
DECISION,CC-02,COLLISION_CONTACT_POLICY,Prohibited / fall contact.,"pelvis, HAT, thigh, shank or bar contact with the floor is prohibited/fall contact; body/bar-floor contact is a task failure",—,ENGINEERING_NOMINAL_WITH_SENSITIVITY,S22,system authority sections 9 and 16,—,RECOMPUTED_FROM_INPUTS,No disabled collision shell may simultaneously serve as evidence for a prohibited-contact claim.
DECISION,CC-03,COLLISION_CONTACT_POLICY,Collision enablement matrix (summary).,"{""enabled"": [""plantar regions vs floor"", ""bar vs floor (fail register)"", ""bar vs nonattached lower limb"", ""opposite-foot collisions"", ""nonadjacent self-collision where physically possible""], ""excluded_with_rationale"": [""intentional bar/HAT/hand attachment contacts"", ""adjacent anatomical parent-child pairs where self-contact is impossible""]}",—,ENGINEERING_NOMINAL_WITH_SENSITIVITY,S22,system authority section 9,"representative-pose collision audit mandatory: standing, deep legal countermovement, takeoff extension, flight, touchdown, landing absorption, recovery",RECOMPUTED_FROM_INPUTS,All exclusions machine-readable with rationale.
DECISION,CC-04,COLLISION_CONTACT_POLICY,No artificial support or catch.,"no artificial root limits, root springs, root damping, hidden supports or catch planes; root DOF passives are exactly zero",—,ENGINEERING_NOMINAL_WITH_SENSITIVITY,—,system authority sections 7 and 15,zero-value verification required,RECOMPUTED_FROM_INPUTS,State overrides/freezes fail NO_ARTIFICIAL_SUPPORT.
DECISION,CC-05,COLLISION_CONTACT_POLICY,Contact dimension (condim) classification.,"{""nominal_plantar_floor"": 4, ""nominal_other_contacts"": 3, ""sensitivity"": [3, 4, 6], ""rationale"": ""plantar-floor contacts carry sliding + torsional friction authority; other contacts are declared nominal""}",—,ENGINEERING_NOMINAL_WITH_SENSITIVITY,S22,MuJoCo contact model semantics,condim sensitivity must be executed if enabled dimensions differ from nominal,RECOMPUTED_FROM_INPUTS,Contact authority is never reduced to one scalar friction coefficient.
DECISION,CC-06,COLLISION_CONTACT_POLICY,Sliding friction.,"{""mu_slide_nominal"": 0.9, ""sensitivity"": [0.5, 1.5]}",—,ENGINEERING_NOMINAL_WITH_SENSITIVITY,S22,sports shoe/surface measurements span materially different values by outsole and method,"mandatory sweep [0.50, 1.50]",RECOMPUTED_FROM_INPUTS,0.90 is not a measured universal athletic-surface truth.
DECISION,CC-07,COLLISION_CONTACT_POLICY,Torsional friction.,"{""status"": ""numeric value DEFERRED_TO_LATER_AUTHORITY (RES-84)"", ""ownership"": ""RES-84 owns the numeric value and its solution-verification justification"", ""qualification_domain_frozen_here"": ""must be selected by solution verification, declared in candidate identity, sensitivity-tested, and shown not to create artificial spin or yaw-drift authority""}",—,DEFERRED_TO_LATER_AUTHORITY,S22,MuJoCo friction-cone semantics,required alongside CC-05/CC-06,RECOMPUTED_FROM_INPUTS,"Deferral is bounded: value + sensitivity domain are frozen by RES-84, not silently chosen at run time."
DECISION,CC-08,COLLISION_CONTACT_POLICY,Rolling friction.,"{""nominal"": 0.0, ""rationale"": ""nominal foot contact is box-like; rolling friction is not needed for box-floor contact"", ""condition"": ""if any round/capsule plantar contact geometry is introduced, a numeric rolling-friction value becomes DEFERRED_TO_LATER_AUTHORITY (RES-84) and must be sensitivity-tested""}",—,ENGINEERING_NOMINAL_WITH_SENSITIVITY,S22,MuJoCo rolling-friction semantics,required if round contact geoms are introduced,RECOMPUTED_FROM_INPUTS,"Nominal zero is a statement about the nominal geometry, not a claim about shoes."
DECISION,CC-09,COLLISION_CONTACT_POLICY,Contact margin and gap.,"{""margin"": ""numeric value DEFERRED_TO_LATER_AUTHORITY (RES-84); semantics frozen: included in the takeoff clearance guard max(2 mm, margin + verified numerical/penetration allowance)"", ""gap"": ""numeric value DEFERRED_TO_LATER_AUTHORITY (RES-84); semantics frozen: zero nominal or declared and included in clearance accounting""}",m,DEFERRED_TO_LATER_AUTHORITY,S22,MuJoCo margin/gap semantics; EVENT_MEASUREMENT_BOUNDARY,RES-84 must seal exact evaluated values in the candidate identity,RECOMPUTED_FROM_INPUTS,Margin/gap may never silently shrink the takeoff clearance definition.
DECISION,CC-10,COLLISION_CONTACT_POLICY,solref ownership.,"{""owner"": ""RES-84 / RES-86"", ""provisional_rule"": ""any provisional standing-contact setting is labeled PROVISIONAL_NUMERICAL and cannot silently become final candidate authority"", ""must_survive"": [""timestep refinement"", ""impact/contact sensitivity"", ""no qualitative task reversal""]}",—,DEFERRED_TO_LATER_AUTHORITY,S22,MuJoCo contact compliance,mandatory solution-verification study,RECOMPUTED_FROM_INPUTS,Extremely stiff contact is not automatically more physical.
DECISION,CC-11,COLLISION_CONTACT_POLICY,solimp ownership.,"{""owner"": ""RES-84 / RES-86"", ""provisional_rule"": ""provisional values labeled PROVISIONAL_NUMERICAL; final values selected by solution verification, never by labeling them human soft tissue""}",—,DEFERRED_TO_LATER_AUTHORITY,S22,MuJoCo contact impedance,mandatory solution-verification study,RECOMPUTED_FROM_INPUTS,Same bounded-deferral rule as CC-10.
DECISION,CC-12,COLLISION_CONTACT_POLICY,Penetration authority.,"{""numeric_tolerance"": ""DEFERRED_TO_LATER_AUTHORITY (RES-84/RES-86 solution verification)"", ""frozen_constraints"": [""bounded penetration with no tunneling"", ""no contact inversion/chatter exploitation"", ""penetration allowance declared in the clearance guard"", ""the historical project candidate hard cap 0.010 m remains RES-82-owned and is NOT re-frozen here""]}",m,DEFERRED_TO_LATER_AUTHORITY,S22,solution verification; RES-82 project hard-rule candidate,declared tolerance in candidate identity,RECOMPUTED_FROM_INPUTS,"Penetration evidence must be reported raw, not only aggregated."
DECISION,CC-13,COLLISION_CONTACT_POLICY,Engineered-contact realism rule.,"final candidate must show no material dependence on the declared contact/friction sensitivity and no uncontrolled slip, artificial sticking, friction-cone saturation or solver-dependent qualitative reversal",—,ENGINEERING_NOMINAL_WITH_SENSITIVITY,S22,system authority section 10,material qualitative reversal blocks final authority until explained or narrowed,RECOMPUTED_FROM_INPUTS,No numerical contact choice may be presented as a sports-science measurement.
DECISION,PT-01,PLANT_TOPOLOGY_AUTHORITY,Model revision identity.,"{""MODEL_REVISION"": ""loaded-cmj-model-3"", ""MODEL_ID"": ""loaded-cmj-20kg-elite-soccer-v3""}",—,ENGINEERING_NOMINAL_WITH_SENSITIVITY,—,successor Plant identity,—,RECOMPUTED_FROM_INPUTS,
DECISION,PT-02,PLANT_TOPOLOGY_AUTHORITY,Body list including world.,"[""world"", ""pelvis"", ""HAT"", ""bar"", ""left_thigh"", ""right_thigh"", ""left_shank"", ""right_shank"", ""left_hindfoot"", ""right_hindfoot"", ""left_forefoot"", ""right_forefoot"", ""left_toe"", ""right_toe""]",—,ENGINEERING_NOMINAL_WITH_SENSITIVITY,S01;S04,"world, pelvis, HAT, bar, bilateral thigh/shank/hindfoot/forefoot/toe",—,RECOMPUTED_FROM_INPUTS,Expected NBODY including world = 14.
DECISION,PT-03,PLANT_TOPOLOGY_AUTHORITY,Joint topology and generalized dimensions.,"{""joints"": {""root_tx"": 1, ""root_tz"": 1, ""root_ry"": 1, ""trunk_pelvis_sagittal_hinge"": 1, ""hips"": 2, ""knees"": 2, ""ankles"": 2, ""mtp"": 2}, ""NQ"": 12, ""NV"": 12}",—,ENGINEERING_NOMINAL_WITH_SENSITIVITY,—,planar root + trunk-pelvis hinge + bilateral lower limb chain,—,RECOMPUTED_FROM_INPUTS,3 root + 1 trunk + 2*4 limb DOF = 12.
DECISION,PT-04,PLANT_TOPOLOGY_AUTHORITY,Actuator channel topology.,"{""channels"": [""trunk_pelvis_hinge"", ""left_hip"", ""right_hip"", ""left_knee"", ""right_knee"", ""left_ankle"", ""right_ankle"", ""left_mtp"", ""right_mtp""], ""NU"": 9}",—,ENGINEERING_NOMINAL_WITH_SENSITIVITY,S08;S09,9 physical net-moment channels incl. bilateral MTP,final torque/rate/power limits owned by RES-85,RECOMPUTED_FROM_INPUTS,The superseded 7-channel V2 topology is not successor authority.
DECISION,PT-05,PLANT_TOPOLOGY_AUTHORITY,Planar-root consequence and nominal symmetry.,"because lateral translation, roll and yaw are absent, V1 nominal sagittal actions must be bilaterally symmetric to numerical tolerance",—,PHYSICS_IDENTITY,—,system authority section 7,bilateral tolerance declared and audited,RECOMPUTED_FROM_INPUTS,Materially asymmetric corrective control requires a future true 3-D/6-DOF Plant.
DECISION,PT-06,PLANT_TOPOLOGY_AUTHORITY,Out-of-plane reaction audit (V1 fail-closed rule).,"qualification must audit out-of-plane contact/reaction quantities (Fy, roll/yaw moments where available) and demonstrate they are negligible; if omitted DOFs materially support the trajectory, V1 fails",—,ENGINEERING_NOMINAL_WITH_SENSITIVITY,—,mission freeze item 7; system authority section 7,mandatory audit in every qualification report,RECOMPUTED_FROM_INPUTS,"External reaction quantities are evidence, never a control channel."
DECISION,PT-07,PLANT_TOPOLOGY_AUTHORITY,Passive mechanics defaults.,"hip/knee/ankle/trunk-pelvis passive stiffness and damping default to 0 at Plant authority level; root passives exactly 0; any numerical damping needed for stability is declared, justified, sensitivity-tested and classified as numerical regularization",—,ENGINEERING_NOMINAL_WITH_SENSITIVITY,S22,system authority section 15,any non-zero value requires a declared justification,RECOMPUTED_FROM_INPUTS,R001 major-joint passive stiffness/damping may not be carried forward as human physiology.
DECISION,PT-08,PLANT_TOPOLOGY_AUTHORITY,Body inertial provenance (summary table).,"{""pelvis"": ""AB-08"", ""HAT"": ""UB-03..UB-06"", ""bar"": ""LB-07..LB-08"", ""thigh"": ""AB-14"", ""shank"": ""AB-14"", ""hindfoot/forefoot/toe"": ""FM-04, FM-07, FM-08""}",—,LITERATURE_DIRECT,S01;S02;S04,per-body authority mapping,—,RECOMPUTED_FROM_INPUTS,No body inertia value may live only in implementation code.
DECISION,PT-09,PLANT_TOPOLOGY_AUTHORITY,No candidate creation in RES-95.,RES-95 freezes model authority only; candidate authorization remains RES-90,—,ENGINEERING_NOMINAL_WITH_SENSITIVITY,—,mission freeze item; Linear RES-90 boundary,—,RECOMPUTED_FROM_INPUTS,No successor candidate ID is created here.
DECISION,EM-01,EVENT_MEASUREMENT_BOUNDARY,Primary COM signal.,SYSTEM_COM (athlete + rigid 20 kg bar) = primary mechanics authority; ATHLETE_COM = secondary report/comparability signal,—,PHYSICS_IDENTITY,—,carried-bar closure,—,RECOMPUTED_FROM_INPUTS,All event predicates use SYSTEM_COM.
DECISION,EM-02,EVENT_MEASUREMENT_BOUNDARY,Primary takeoff time.,"TAKEOFF_OCCURRENCE = the final transition from at least one active legal plantar support contact to zero active legal plantar support contacts, with interpolated/contact-event time if available",—,PHYSICS_IDENTITY,S17,"Linear system authority section 12, physical takeoff (no RES-82 E-number label)",—,RECOMPUTED_FROM_INPUTS,This is the physical takeoff time used for H2 and takeoff velocity.
DECISION,EM-03,EVENT_MEASUREMENT_BOUNDARY,Takeoff confirmation.,"TAKEOFF_CONFIRMATION = a later fail-closed confirmation that bilateral geometric clearance exceeds the numerical guard, SYSTEM_COM_vz(TAKEOFF_OCCURRENCE) > 0, no prohibited contact exists, and no legal plantar recontact occurs throughout the genuine-flight dwell",—,ENGINEERING_NOMINAL_WITH_SENSITIVITY,S17,"Linear system authority section 12, takeoff occurrence/confirmation split",dwell and clearance guard sensitivity required downstream,RECOMPUTED_FROM_INPUTS,"If confirmation fails the candidate takeoff occurrence is rejected, never shifted."
DECISION,EM-04,EVENT_MEASUREMENT_BOUNDARY,Confirmation must not shift the takeoff timestamp.,TAKEOFF_CONFIRMATION must never replace TAKEOFF_OCCURRENCE as the H2 time origin,—,PHYSICS_IDENTITY,—,mission freeze item 10; system authority section 13,—,RECOMPUTED_FROM_INPUTS,Prevents a delayed-clearance threshold from artificially lowering H2.
DECISION,EM-05,EVENT_MEASUREMENT_BOUNDARY,Primary jump-height metric.,H2 = SYSTEM_COM_z(apex) - SYSTEM_COM_z(TAKEOFF_OCCURRENCE),m,PHYSICS_IDENTITY,—,direct last-legal-contact-loss to apex displacement,—,RECOMPUTED_FROM_INPUTS,Mandatory cross-checks: H_ballistic = vz_takeoff^2 / (2g); H_impulse from total vertical impulse / 99 kg.
DECISION,EM-06,EVENT_MEASUREMENT_BOUNDARY,Genuine flight dwell.,"starting from the candidate TAKEOFF_OCCURRENCE, zero legal plantar contacts must persist for at least 0.050 s; within the confirmation window both feet establish positive clearance above the numerical guard and no prohibited contact occurs",s,ENGINEERING_NOMINAL_WITH_SENSITIVITY,S17,"Linear system authority section 12, genuine flight",dwell sensitivity (e.g. 0.030/0.050/0.080 s) required downstream,RECOMPUTED_FROM_INPUTS,"The 50 ms dwell is an engineering debounce, not a measured human constant."
DECISION,EM-07,EVENT_MEASUREMENT_BOUNDARY,Clearance guard.,"clearance guard = max(2 mm, contact_margin + verified numerical penetration/error allowance); exact evaluated value sealed by RES-84",m,DEFERRED_TO_LATER_AUTHORITY,S22,system authority section 12,RES-84 seals exact value; guard participates in confirmation only,RECOMPUTED_FROM_INPUTS,"The clearance guard is a confirmation tolerance, not the definition of the takeoff instant."
DECISION,EM-08,EVENT_MEASUREMENT_BOUNDARY,Apex definition.,"inside genuine flight, SYSTEM_COM_vz crosses positive -> nonpositive; compute the zero crossing by interpolation; no arbitrary apex dwell",—,PHYSICS_IDENTITY,—,"Linear system authority section 12, apex",—,RECOMPUTED_FROM_INPUTS,
DECISION,EM-09,EVENT_MEASUREMENT_BOUNDARY,Touchdown definition.,first renewed valid plantar-floor contact after genuine flight; toe/forefoot-first is valid; body/bar-floor contact is not,—,PHYSICS_IDENTITY,S15,"Linear system authority section 12, physical touchdown",—,RECOMPUTED_FROM_INPUTS,"Landing absorption must be realized by the calibrated contact model and human joint motion, not a hidden vertical clamp."
DECISION,EM-10,EVENT_MEASUREMENT_BOUNDARY,Measurement takeoff comparator.,bilateral per-foot vertical GRF threshold 10 N with 0.010 s persistence (the RES-82 F_thr convention; an equivalent total-GRF display may be reported) is comparator/diagnostic only and never defines the simulated physical event,N / s,LITERATURE_INFORMED_SYNTHETIC,S17,takeoff-threshold comparison study; RES-82 EVENT_CONTRACT F_thr,comparator threshold sensitivity is a reporting obligation,RECOMPUTED_FROM_INPUTS,
DECISION,EM-11,EVENT_MEASUREMENT_BOUNDARY,Force-plate comparison export.,resampled at >=1000 Hz (1000 Hz canonical) with a documented anti-aliasing/filter path; raw native signals retained for independent recomputation,Hz,LITERATURE_INFORMED_SYNTHETIC,S11,force-platform processing literature,processing sensitivity is a reporting obligation,RECOMPUTED_FROM_INPUTS,Native simulator states/contacts remain event authority.
DECISION,EM-12,EVENT_MEASUREMENT_BOUNDARY,Event chain and dwell semantics (with explicit takeoff supersession).,"{""retained_from_RES82"": ""E1-E12 chain, PHYSICAL_TIME dwell convention, negative controls, cross-event independence"", ""superseded_for_successor"": ""the clearance-gated historical takeoff anchor; for the successor the H2 time origin is TAKEOFF_OCCURRENCE (final legal plantar contact loss), and clearance/dwell survive only as TAKEOFF_CONFIRMATION"", ""label_rule"": ""RES-95 does not use RES-82 E-number labels for takeoff/flight/apex/touchdown so downstream readers cannot collide the two numbering systems""}",—,LITERATURE_INFORMED_SYNTHETIC,S22,RES-82 EVENT_CONTRACT_E1_E12.json; DWELL_SEMANTICS.json; Linear system authority section 12,downstream sensitivity execution owned by later RES,RECOMPUTED_FROM_INPUTS,This supersession is explicit so zero unresolved conflict remains between RES-82 labels and the controlling Linear takeoff semantics.
DECISION,EM-13,EVENT_MEASUREMENT_BOUNDARY,No clearance-defined delayed H2 takeoff.,the H2 time origin is the last legal plantar contact loss; a later clearance-defined sample must never become the H2 origin,—,PHYSICS_IDENTITY,—,mission freeze item 10,—,RECOMPUTED_FROM_INPUTS,This closes the historical delayed-takeoff defect class.
DECISION,PA-01,PERFORMANCE_AUTHORITY_BOUNDARY,Anti-triviality floor.,"{""H_ANTI_TRIVIALITY_FLOOR_M"": 0.15, ""meaning"": ""negative-control / trivial-hop rejection only; necessary but NOT sufficient for elite-context qualification""}",m,LITERATURE_INFORMED_SYNTHETIC,S13,RES-82 PF-1 candidate; mixed-athlete +20 kg evidence,—,RECOMPUTED_FROM_INPUTS,Retained as the only frozen numeric height gate.
DECISION,PA-02,PERFORMANCE_AUTHORITY_BOUNDARY,Elite +20 kg direct H2 target.,"{""ELITE_SOCCER_PLUS20_DIRECT_H2_TARGET"": ""NOT_FROZEN"", ""ELITE_SOCCER_PLUS20_DIRECT_H2_HARD_GATE"": ""DEFERRED_PENDING_METHOD_MATCHED_MAPPING"", ""H_ANTI_TRIVIALITY_FLOOR_M"": 0.15}",—,DEFERRED_TO_LATER_AUTHORITY,S07;S11;S12;S13,"method heterogeneity across unloaded impulse-momentum, +20 kg flight-time and +20 kg LVT studies",RES-85/91 must produce the mapping before any hard gate,RECOMPUTED_FROM_INPUTS,No fabricated conversion when uncertainty cannot be bounded.
DECISION,PA-03,PERFORMANCE_AUTHORITY_BOUNDARY,"Withdrawn performance authority (superseded, not current).","{""0.200 m elite-context target"": ""WITHDRAWN as qualification authority; remains at most a non-authoritative historical notation"", ""0.280-0.400 m expected band"": ""WITHDRAWN"", ""0.350 m nominal target"": ""WITHDRAWN""}",m,DEFERRED_TO_LATER_AUTHORITY,S07;S11;S12;S13;S14,adversarial correction recorded in the Linear system authority,—,RECOMPUTED_FROM_INPUTS,These values must not reappear as current authority in any downstream artifact.
DECISION,PA-04,PERFORMANCE_AUTHORITY_BOUNDARY,Mandatory method-matched comparator analysis.,"{""methods_to_compare"": [""direct SYSTEM_COM takeoff->apex"", ""impulse-momentum"", ""takeoff-velocity"", ""flight-time"", ""bar/LVT displacement""], ""requirement"": ""RES-85/91 predeclare the mapping before any elite-performance hard gate is created""}",—,DEFERRED_TO_LATER_AUTHORITY,S07;S11;S12,system authority section 13,owned by RES-85/RES-91,RECOMPUTED_FROM_INPUTS,"Results far below comparator evidence trigger scientific review, not automatic failure."
DECISION,PA-05,PERFORMANCE_AUTHORITY_BOUNDARY,Controller objective.,"maximize physically valid direct SYSTEM_COM takeoff->apex H2 subject to the frozen human actuation, energy/work, joint-limit, contact, landing and recovery constraints",—,LITERATURE_INFORMED_SYNTHETIC,S16;S22,system authority section 13,—,RECOMPUTED_FROM_INPUTS,Not tune to a fabricated height target.
DECISION,PA-06,PERFORMANCE_AUTHORITY_BOUNDARY,Report-only comparators.,"[""countermovement depth"", ""knee/hip/ankle/MTP ROM"", ""eccentric/braking/propulsive durations"", ""peak and mean GRF normalized to athlete and system mass"", ""joint moments/powers/work"", ""total and joint impulse/work contributions"", ""peak landing force (method-matched pending)""]",—,LITERATURE_INFORMED_SYNTHETIC,S06;S07;S15;S16,system authority sections 13-16,report-only until method-matched data exist,RECOMPUTED_FROM_INPUTS,
DECISION,DF-01,DEFERRED_NUMERICAL_CALIBRATIONS,Contact numerical calibration.,"solref, solimp, margin, gap, torsional-friction and rolling-friction numeric values, penetration tolerance",—,DEFERRED_TO_LATER_AUTHORITY,S22,RES-84 / RES-86,classification and qualification domain frozen in COLLISION_CONTACT_POLICY CC-07..CC-12,RECOMPUTED_FROM_INPUTS,Provisional settings must be labeled PROVISIONAL_NUMERICAL.
DECISION,DF-02,DEFERRED_NUMERICAL_CALIBRATIONS,Takeoff clearance guard exact value.,"max(2 mm, contact_margin + verified numerical/penetration allowance) evaluated and sealed",m,DEFERRED_TO_LATER_AUTHORITY,S22,RES-84,sealed in candidate identity,RECOMPUTED_FROM_INPUTS,Confirmation-only semantics frozen here.
DECISION,DF-03,DEFERRED_NUMERICAL_CALIBRATIONS,MTP active moment limits.,"torque cap, rate limit, power limit and allowed stance-phase action for the reduced net MTP moment",—,DEFERRED_TO_LATER_AUTHORITY,S08;S09,RES-85,must be validated against jump/foot mechanics; saturation telemetry mandatory,RECOMPUTED_FROM_INPUTS,Must not become a hidden high-power toe motor.
DECISION,DF-04,DEFERRED_NUMERICAL_CALIBRATIONS,Major-joint actuator limits.,"hip/knee/ankle/trunk torque caps, torque-rate limits and activation/smoothing constants",—,DEFERRED_TO_LATER_AUTHORITY,S16;S22,RES-85,elite isokinetic data are plausibility bounds only; not direct motor constants,RECOMPUTED_FROM_INPUTS,
DECISION,DF-05,DEFERRED_NUMERICAL_CALIBRATIONS,Balance capture and recovery envelopes.,"E11 capture envelope, E12 robust standing envelope and post-E12 observation window",—,DEFERRED_TO_LATER_AUTHORITY,S22,RES-87 / RES-91,physical and robustness-calibrated; one-trace/ULP envelopes prohibited,RECOMPUTED_FROM_INPUTS,
DECISION,DF-06,DEFERRED_NUMERICAL_CALIBRATIONS,Landing force gate.,peak landing force as a hard +20 kg elite scalar gate,—,DEFERRED_TO_LATER_AUTHORITY,S15,later method-matched authority,report/validation comparator until method-matched +20 kg data exist,RECOMPUTED_FROM_INPUTS,No numeric transfer from drop-landing or unloaded studies.
DECISION,DF-07,DEFERRED_NUMERICAL_CALIBRATIONS,Elite +20 kg H2 mapping.,method-matched comparator/mapping analysis before any elite hard gate,—,DEFERRED_TO_LATER_AUTHORITY,S07;S11;S12,RES-85 / RES-91,required before gate authorization,RECOMPUTED_FROM_INPUTS,See PA-02/PA-04.
DECISION,DF-08,DEFERRED_NUMERICAL_CALIBRATIONS,Solver and timestep verification.,"timestep refinement, solver iteration/tolerance sensitivity, contact compliance sweep, friction sweep, MTP passive sweep, midfoot alternative, placement/pose/anthropometry/initial-pose perturbations, deterministic repeatability",—,DEFERRED_TO_LATER_AUTHORITY,S22,RES-86 / RES-89 / RES-91,"each sensitivity run records event ordering, H2, takeoff velocity, GRF, joint-limit margins, prohibited contacts, saturation, landing capture, final standing",RECOMPUTED_FROM_INPUTS,Execution of the frozen sensitivity sets is a downstream obligation; omission is a qualification defect.
DECISION,DF-09,DEFERRED_NUMERICAL_CALIBRATIONS,Controller phase machine and calibration.,"state-causal hybrid phase machine, transition hysteresis/persistence and command continuity",—,DEFERRED_TO_LATER_AUTHORITY,S22,RES-85,no wall-clock-only transitions; no instantaneous torque cliffs,RECOMPUTED_FROM_INPUTS,
DECISION,DF-10,DEFERRED_NUMERICAL_CALIBRATIONS,Bar placement versus RES-83 collision shells.,post-implementation non-penetration confirmation in standing and all representative poses; any nominal placement change requires an authority amendment,—,DEFERRED_TO_LATER_AUTHORITY,S04;S22,RES-83 + this authority,report-level confirmation; nominal frozen in UB-07,RECOMPUTED_FROM_INPUTS,No silent nominal movement.
DECISION,DF-11,DEFERRED_NUMERICAL_CALIBRATIONS,Stance/lateral validation.,true stance width and lateral balance authority,—,DEFERRED_TO_LATER_AUTHORITY,S22,future 3-D/6-DOF Plant program,outside V1 claim,RECOMPUTED_FROM_INPUTS,0.170 m remains a model geometry nominal only.
DECISION,DF-12,DEFERRED_NUMERICAL_CALIBRATIONS,Candidate authorization and qualification.,"successor candidate creation, provenance/determinism/test/visual qualification",—,DEFERRED_TO_LATER_AUTHORITY,S22,RES-90 / RES-91 / RES-92 / RES-93,RES-95 creates no candidate,RECOMPUTED_FROM_INPUTS,
